[
  {
    "id": "pl1",
    "label": "Chicago Convention Concert Hall - 4951 Union St, Chicago, IL 60656, USA",
    "main": "Chicago Convention Concert Hall",
    "sub": "4951 Union St, Chicago, IL 60656, USA",
    "category": "venue",
    "latitude": 41.8929,
    "longitude": -87.5407
  },
  {
    "id": "pl2",
    "label": "New York Science Gallery - 1945 Cedar Ave, New York, NY 10014, USA",
    "main": "New York Science Gallery",
    "sub": "1945 Cedar Ave, New York, NY 10014, USA",
    "category": "museum",
    "latitude": 40.6604,
    "longitude": -73.9073
  },
  {
    "id": "pl3",
    "label": "Diner Bistro - 4497 Lincoln Ave, Houston, TX 77031, USA",
    "main": "Diner Bistro",
    "sub": "4497 Lincoln Ave, Houston, TX 77031, USA",
    "category": "restaurant",
    "latitude": 29.8102,
    "longitude": -95.3053
  },
  {
    "id": "pl4",
    "label": "Denver Art Gallery - 5316 Chestnut St, Denver, CO 80231, USA",
    "main": "Denver Art Gallery",
    "sub": "5316 Chestnut St, Denver, CO 80231, USA",
    "category": "museum",
    "latitude": 39.6445,
    "longitude": -104.9215
  },
  {
    "id": "pl5",
    "label": "Denver Natural History Exhibition Center - 9170 Fifth Ave, Denver, CO 80225, USA",
    "main": "Denver Natural History Exhibition Center",
    "sub": "9170 Fifth Ave, Denver, CO 80225, USA",
    "category": "museum",
    "latitude": 39.7564,
    "longitude": -105.0836
  },
  {
    "id": "pl6",
    "label": "Grand Boutique District - 5578 Market St, Chicago, IL 60623, USA",
    "main": "Grand Boutique District",
    "sub": "5578 Market St, Chicago, IL 60623, USA",
    "category": "shopping",
    "latitude": 41.8423,
    "longitude": -87.6656
  },
  {
    "id": "pl7",
    "label": "Seattle Liberal Arts Academy - Seattle, WA 98120, USA",
    "main": "Seattle Liberal Arts Academy",
    "sub": "Seattle, WA 98120, USA",
    "category": "school",
    "latitude": 47.6272,
    "longitude": -122.4007
  },
  {
    "id": "pl8",
    "label": "Central Mall - 341 Market St, Chicago, IL 60668, USA",
    "main": "Central Mall",
    "sub": "341 Market St, Chicago, IL 60668, USA",
    "category": "shopping",
    "latitude": 41.8468,
    "longitude": -87.5749
  },
  {
    "id": "pl9",
    "label": "The Restaurant - 1076 Park Ave, Dallas, TX 75207, USA",
    "main": "The Restaurant",
    "sub": "1076 Park Ave, Dallas, TX 75207, USA",
    "category": "restaurant",
    "latitude": 32.7333,
    "longitude": -96.7624
  },
  {
    "id": "pl10",
    "label": "Liberty Park - 8410 Market St, Dallas, TX 75221, USA",
    "main": "Liberty Park",
    "sub": "8410 Market St, Dallas, TX 75221, USA",
    "category": "park",
    "latitude": 32.7108,
    "longitude": -96.8375
  },
  {
    "id": "pl11",
    "label": "Historic Plaza - 7584 Main St, San Francisco, CA 94118, USA",
    "main": "Historic Plaza",
    "sub": "7584 Main St, San Francisco, CA 94118, USA",
    "category": "landmark",
    "latitude": 37.8662,
    "longitude": -122.3623
  },
  {
    "id": "pl12",
    "label": "Commerce Office Building - 3004 Broadway, San Diego, CA 92127, USA",
    "main": "Commerce Office Building",
    "sub": "3004 Broadway, San Diego, CA 92127, USA",
    "category": "office",
    "latitude": 32.8155,
    "longitude": -117.0755
  },
  {
    "id": "pl13",
    "label": "Houston Community Hospital - Houston, TX 77055, USA",
    "main": "Houston Community Hospital",
    "sub": "Houston, TX 77055, USA",
    "category": "hospital",
    "latitude": 29.6704,
    "longitude": -95.3254
  },
  {
    "id": "pl14",
    "label": "Financial Office Building - Los Angeles, CA 90009, USA",
    "main": "Financial Office Building",
    "sub": "Los Angeles, CA 90009, USA",
    "category": "office",
    "latitude": 33.9701,
    "longitude": -118.2745
  },
  {
    "id": "pl15",
    "label": "Phoenix Children Exhibition Center - 1707 Madison Ave, Phoenix, AZ 85042, USA",
    "main": "Phoenix Children Exhibition Center",
    "sub": "1707 Madison Ave, Phoenix, AZ 85042, USA",
    "category": "museum",
    "latitude": 33.5426,
    "longitude": -112.1591
  },
  {
    "id": "pl16",
    "label": "Central Grand Hotel - 5782 Market St, Dallas, TX 75289, USA",
    "main": "Central Grand Hotel",
    "sub": "5782 Market St, Dallas, TX 75289, USA",
    "category": "hotel",
    "latitude": 32.7737,
    "longitude": -96.8493
  },
  {
    "id": "pl17",
    "label": "Austin Liberal Arts Academy - Austin, TX 78743, USA",
    "main": "Austin Liberal Arts Academy",
    "sub": "Austin, TX 78743, USA",
    "category": "school",
    "latitude": 30.1803,
    "longitude": -97.8151
  },
  {
    "id": "pl18",
    "label": "Phoenix Community College - 7346 Lincoln Ave, Phoenix, AZ 85034, USA",
    "main": "Phoenix Community College",
    "sub": "7346 Lincoln Ave, Phoenix, AZ 85034, USA",
    "category": "school",
    "latitude": 33.3742,
    "longitude": -112.0452
  },
  {
    "id": "pl19",
    "label": "The Mall - 2973 Broadway, Nashville, TN 37252, USA",
    "main": "The Mall",
    "sub": "2973 Broadway, Nashville, TN 37252, USA",
    "category": "shopping",
    "latitude": 36.2484,
    "longitude": -86.8612
  },
  {
    "id": "pl20",
    "label": "Las Vegas General Clinic - Las Vegas, NV 89175, USA",
    "main": "Las Vegas General Clinic",
    "sub": "Las Vegas, NV 89175, USA",
    "category": "hospital",
    "latitude": 36.163,
    "longitude": -115.0971
  },
  {
    "id": "pl21",
    "label": "Houston Performing Arts Theater - 635 Mission St, Houston, TX 77092, USA",
    "main": "Houston Performing Arts Theater",
    "sub": "635 Mission St, Houston, TX 77092, USA",
    "category": "venue",
    "latitude": 29.7032,
    "longitude": -95.2737
  },
  {
    "id": "pl22",
    "label": "Grill Grill - 2705 Oak St, Seattle, WA 98150, USA",
    "main": "Grill Grill",
    "sub": "2705 Oak St, Seattle, WA 98150, USA",
    "category": "restaurant",
    "latitude": 47.6871,
    "longitude": -122.339
  },
  {
    "id": "pl23",
    "label": "Chicago Children Gallery - 9941 Pine St, Chicago, IL 60672, USA",
    "main": "Chicago Children Gallery",
    "sub": "9941 Pine St, Chicago, IL 60672, USA",
    "category": "museum",
    "latitude": 41.9701,
    "longitude": -87.6626
  },
  {
    "id": "pl24",
    "label": "Dallas Natural History Gallery - 9220 Lincoln Ave, Dallas, TX 75260, USA",
    "main": "Dallas Natural History Gallery",
    "sub": "9220 Lincoln Ave, Dallas, TX 75260, USA",
    "category": "museum",
    "latitude": 32.719,
    "longitude": -96.8033
  },
  {
    "id": "pl25",
    "label": "San Diego Aviation Aquarium - 6198 Elm St, San Diego, CA 92165, USA",
    "main": "San Diego Aviation Aquarium",
    "sub": "6198 Elm St, San Diego, CA 92165, USA",
    "category": "attraction",
    "latitude": 32.7209,
    "longitude": -117.192
  },
  {
    "id": "pl26",
    "label": "Phoenix Liberal Arts School - 6551 Jefferson St, Phoenix, AZ 85021, USA",
    "main": "Phoenix Liberal Arts School",
    "sub": "6551 Jefferson St, Phoenix, AZ 85021, USA",
    "category": "school",
    "latitude": 33.4064,
    "longitude": -112.16
  },
  {
    "id": "pl27",
    "label": "Miami Airport (SEA) - Miami, FL 33126, USA",
    "main": "Miami Airport (SEA)",
    "sub": "Miami, FL 33126, USA",
    "category": "airport",
    "latitude": 25.7787,
    "longitude": -80.1765
  },
  {
    "id": "pl28",
    "label": "1 Grand Hotel - 1000 Union St, Boston, MA 02102, USA",
    "main": "1 Grand Hotel",
    "sub": "1000 Union St, Boston, MA 02102, USA",
    "category": "hotel",
    "latitude": 42.3539,
    "longitude": -71.0099
  },
  {
    "id": "pl29",
    "label": "Atlanta Medical Hospital - 3188 First Ave, Atlanta, GA 30348, USA",
    "main": "Atlanta Medical Hospital",
    "sub": "3188 First Ave, Atlanta, GA 30348, USA",
    "category": "hospital",
    "latitude": 33.8135,
    "longitude": -84.3288
  },
  {
    "id": "pl30",
    "label": "Kitchen Bistro - 2324 Chestnut St, New York, NY 10095, USA",
    "main": "Kitchen Bistro",
    "sub": "2324 Chestnut St, New York, NY 10095, USA",
    "category": "restaurant",
    "latitude": 40.6132,
    "longitude": -73.9712
  },
  {
    "id": "pl31",
    "label": "Lincoln Nature Reserve - 2796 Washington Blvd, Phoenix, AZ 85009, USA",
    "main": "Lincoln Nature Reserve",
    "sub": "2796 Washington Blvd, Phoenix, AZ 85009, USA",
    "category": "park",
    "latitude": 33.5295,
    "longitude": -111.9771
  },
  {
    "id": "pl32",
    "label": "City Boutique District - 4616 Market St, Dallas, TX 75205, USA",
    "main": "City Boutique District",
    "sub": "4616 Market St, Dallas, TX 75205, USA",
    "category": "shopping",
    "latitude": 32.8584,
    "longitude": -96.7963
  },
  {
    "id": "pl33",
    "label": "Los Angeles Community Clinic - 6608 Park Ave, Los Angeles, CA 90062, USA",
    "main": "Los Angeles Community Clinic",
    "sub": "6608 Park Ave, Los Angeles, CA 90062, USA",
    "category": "hospital",
    "latitude": 33.9634,
    "longitude": -118.2195
  },
  {
    "id": "pl34",
    "label": "Boston General Clinic - 940 Pine St, Boston, MA 02103, USA",
    "main": "Boston General Clinic",
    "sub": "940 Pine St, Boston, MA 02103, USA",
    "category": "hospital",
    "latitude": 42.2933,
    "longitude": -71.0709
  },
  {
    "id": "pl35",
    "label": "Houston Maritime Observatory - 746 Third Ave, Houston, TX 77094, USA",
    "main": "Houston Maritime Observatory",
    "sub": "746 Third Ave, Houston, TX 77094, USA",
    "category": "attraction",
    "latitude": 29.7446,
    "longitude": -95.4233
  },
  {
    "id": "pl36",
    "label": "Atlanta Children Aquarium - 588 Maple Dr, Atlanta, GA 30362, USA",
    "main": "Atlanta Children Aquarium",
    "sub": "588 Maple Dr, Atlanta, GA 30362, USA",
    "category": "attraction",
    "latitude": 33.7526,
    "longitude": -84.4312
  },
  {
    "id": "pl37",
    "label": "The Diner - 7332 Jefferson St, Chicago, IL 60699, USA",
    "main": "The Diner",
    "sub": "7332 Jefferson St, Chicago, IL 60699, USA",
    "category": "restaurant",
    "latitude": 41.9584,
    "longitude": -87.6014
  },
  {
    "id": "pl38",
    "label": "Sunrise Grand Hotel - 2237 Oak St, Houston, TX 77061, USA",
    "main": "Sunrise Grand Hotel",
    "sub": "2237 Oak St, Houston, TX 77061, USA",
    "category": "hotel",
    "latitude": 29.7829,
    "longitude": -95.4579
  },
  {
    "id": "pl39",
    "label": "Miami Medical Medical Center - 3093 Madison Ave, Miami, FL 33177, USA",
    "main": "Miami Medical Medical Center",
    "sub": "3093 Madison Ave, Miami, FL 33177, USA",
    "category": "hospital",
    "latitude": 25.71,
    "longitude": -80.2894
  },
  {
    "id": "pl40",
    "label": "San Diego History Exhibition Center - 8245 Cedar Ave, San Diego, CA 92170, USA",
    "main": "San Diego History Exhibition Center",
    "sub": "8245 Cedar Ave, San Diego, CA 92170, USA",
    "category": "museum",
    "latitude": 32.6985,
    "longitude": -117.1615
  },
  {
    "id": "pl41",
    "label": "Commerce Office Building - 1805 Madison Ave, Denver, CO 80249, USA",
    "main": "Commerce Office Building",
    "sub": "1805 Madison Ave, Denver, CO 80249, USA",
    "category": "office",
    "latitude": 39.7125,
    "longitude": -104.9692
  },
  {
    "id": "pl42",
    "label": "Freedom Monument - 2199 Jefferson St, Dallas, TX 75288, USA",
    "main": "Freedom Monument",
    "sub": "2199 Jefferson St, Dallas, TX 75288, USA",
    "category": "landmark",
    "latitude": 32.8308,
    "longitude": -96.7629
  },
  {
    "id": "pl43",
    "label": "Washington Community University - 5210 Lincoln Ave, Washington, DC 20052, USA",
    "main": "Washington Community University",
    "sub": "5210 Lincoln Ave, Washington, DC 20052, USA",
    "category": "school",
    "latitude": 38.8447,
    "longitude": -77.0174
  },
  {
    "id": "pl44",
    "label": "Las Vegas Sports Convention Center - 4026 Pine St, Las Vegas, NV 89198, USA",
    "main": "Las Vegas Sports Convention Center",
    "sub": "4026 Pine St, Las Vegas, NV 89198, USA",
    "category": "venue",
    "latitude": 36.1627,
    "longitude": -115.1838
  },
  {
    "id": "pl45",
    "label": "Corporate Tower - 2976 Pine St, Houston, TX 77069, USA",
    "main": "Corporate Tower",
    "sub": "2976 Pine St, Houston, TX 77069, USA",
    "category": "office",
    "latitude": 29.6724,
    "longitude": -95.3399
  },
  {
    "id": "pl46",
    "label": "Commerce Office Building - 856 Main St, Washington, DC 20007, USA",
    "main": "Commerce Office Building",
    "sub": "856 Main St, Washington, DC 20007, USA",
    "category": "office",
    "latitude": 38.9706,
    "longitude": -77.0726
  },
  {
    "id": "pl47",
    "label": "Golden Gate Park - San Diego, CA 92176, USA",
    "main": "Golden Gate Park",
    "sub": "San Diego, CA 92176, USA",
    "category": "park",
    "latitude": 32.7682,
    "longitude": -117.1412
  },
  {
    "id": "pl48",
    "label": "Washington Convention Concert Hall - 6228 Fifth Ave, Washington, DC 20027, USA",
    "main": "Washington Convention Concert Hall",
    "sub": "6228 Fifth Ave, Washington, DC 20027, USA",
    "category": "venue",
    "latitude": 38.9059,
    "longitude": -76.9952
  },
  {
    "id": "pl49",
    "label": "Business Tower - Atlanta, GA 30325, USA",
    "main": "Business Tower",
    "sub": "Atlanta, GA 30325, USA",
    "category": "office",
    "latitude": 33.6708,
    "longitude": -84.3439
  },
  {
    "id": "pl50",
    "label": "Historic Monument - 5504 Maple Dr, San Antonio, TX 78208, USA",
    "main": "Historic Monument",
    "sub": "5504 Maple Dr, San Antonio, TX 78208, USA",
    "category": "landmark",
    "latitude": 29.4029,
    "longitude": -98.5741
  },
  {
    "id": "pl51",
    "label": "Riverside Plaza - 5162 First Ave, Miami, FL 33154, USA",
    "main": "Riverside Plaza",
    "sub": "5162 First Ave, Miami, FL 33154, USA",
    "category": "shopping",
    "latitude": 25.6864,
    "longitude": -80.0996
  },
  {
    "id": "pl52",
    "label": "National Plaza - 8167 Chestnut St, Las Vegas, NV 89148, USA",
    "main": "National Plaza",
    "sub": "8167 Chestnut St, Las Vegas, NV 89148, USA",
    "category": "landmark",
    "latitude": 36.1281,
    "longitude": -115.1131
  },
  {
    "id": "pl53",
    "label": "Atlanta Community College - 9021 Jefferson St, Atlanta, GA 30337, USA",
    "main": "Atlanta Community College",
    "sub": "9021 Jefferson St, Atlanta, GA 30337, USA",
    "category": "school",
    "latitude": 33.715,
    "longitude": -84.4013
  },
  {
    "id": "pl54",
    "label": "Grand Boutique District - 8630 Second St, Los Angeles, CA 90062, USA",
    "main": "Grand Boutique District",
    "sub": "8630 Second St, Los Angeles, CA 90062, USA",
    "category": "shopping",
    "latitude": 33.9964,
    "longitude": -118.2354
  },
  {
    "id": "pl55",
    "label": "Philadelphia Natural History Museum - Philadelphia, PA 19183, USA",
    "main": "Philadelphia Natural History Museum",
    "sub": "Philadelphia, PA 19183, USA",
    "category": "attraction",
    "latitude": 39.9327,
    "longitude": -75.2112
  },
  {
    "id": "pl56",
    "label": "Philadelphia Airport (SEA) - Philadelphia, PA 19192, USA",
    "main": "Philadelphia Airport (SEA)",
    "sub": "Philadelphia, PA 19192, USA",
    "category": "airport",
    "latitude": 39.9163,
    "longitude": -75.2171
  },
  {
    "id": "pl57",
    "label": "1 Resort - 3315 Oak St, Nashville, TN 37269, USA",
    "main": "1 Resort",
    "sub": "3315 Oak St, Nashville, TN 37269, USA",
    "category": "hotel",
    "latitude": 36.115,
    "longitude": -86.7676
  },
  {
    "id": "pl58",
    "label": "San Diego History Cultural Center - 5837 Market St, San Diego, CA 92194, USA",
    "main": "San Diego History Cultural Center",
    "sub": "5837 Market St, San Diego, CA 92194, USA",
    "category": "museum",
    "latitude": 32.7482,
    "longitude": -117.2358
  },
  {
    "id": "pl59",
    "label": "Historic Plaza - 1700 Main St, Seattle, WA 98137, USA",
    "main": "Historic Plaza",
    "sub": "1700 Main St, Seattle, WA 98137, USA",
    "category": "landmark",
    "latitude": 47.6967,
    "longitude": -122.2808
  },
  {
    "id": "pl60",
    "label": "Atlanta Aviation Aquarium - 2347 First Ave, Atlanta, GA 30308, USA",
    "main": "Atlanta Aviation Aquarium",
    "sub": "2347 First Ave, Atlanta, GA 30308, USA",
    "category": "attraction",
    "latitude": 33.6645,
    "longitude": -84.312
  },
  {
    "id": "pl61",
    "label": "Cafe Diner - 8345 Jefferson St, Denver, CO 80215, USA",
    "main": "Cafe Diner",
    "sub": "8345 Jefferson St, Denver, CO 80215, USA",
    "category": "restaurant",
    "latitude": 39.7356,
    "longitude": -104.9947
  },
  {
    "id": "pl62",
    "label": "Cafe Bistro - 6495 Maple Dr, Atlanta, GA 30393, USA",
    "main": "Cafe Bistro",
    "sub": "6495 Maple Dr, Atlanta, GA 30393, USA",
    "category": "restaurant",
    "latitude": 33.6579,
    "longitude": -84.4287
  },
  {
    "id": "pl63",
    "label": "Phoenix Maritime Museum - 6496 Maple Dr, Phoenix, AZ 85061, USA",
    "main": "Phoenix Maritime Museum",
    "sub": "6496 Maple Dr, Phoenix, AZ 85061, USA",
    "category": "attraction",
    "latitude": 33.5385,
    "longitude": -112.0545
  },
  {
    "id": "pl64",
    "label": "Business Tower - 4951 Park Ave, Denver, CO 80282, USA",
    "main": "Business Tower",
    "sub": "4951 Park Ave, Denver, CO 80282, USA",
    "category": "office",
    "latitude": 39.6553,
    "longitude": -104.9389
  },
  {
    "id": "pl65",
    "label": "Seattle Natural History Gallery - 2810 Oak St, Seattle, WA 98168, USA",
    "main": "Seattle Natural History Gallery",
    "sub": "2810 Oak St, Seattle, WA 98168, USA",
    "category": "museum",
    "latitude": 47.673,
    "longitude": -122.2994
  },
  {
    "id": "pl66",
    "label": "Washington Community Medical Center - 3055 Second St, Washington, DC 20013, USA",
    "main": "Washington Community Medical Center",
    "sub": "3055 Second St, Washington, DC 20013, USA",
    "category": "hospital",
    "latitude": 38.8191,
    "longitude": -77.0958
  },
  {
    "id": "pl67",
    "label": "Grand Shopping Center - 9244 First Ave, Nashville, TN 37262, USA",
    "main": "Grand Shopping Center",
    "sub": "9244 First Ave, Nashville, TN 37262, USA",
    "category": "shopping",
    "latitude": 36.0741,
    "longitude": -86.8729
  },
  {
    "id": "pl68",
    "label": "Phoenix Performing Arts Theater - 1903 Elm St, Phoenix, AZ 85011, USA",
    "main": "Phoenix Performing Arts Theater",
    "sub": "1903 Elm St, Phoenix, AZ 85011, USA",
    "category": "venue",
    "latitude": 33.4295,
    "longitude": -112.1591
  },
  {
    "id": "pl69",
    "label": "Central Monument - 8682 Madison Ave, Las Vegas, NV 89133, USA",
    "main": "Central Monument",
    "sub": "8682 Madison Ave, Las Vegas, NV 89133, USA",
    "category": "landmark",
    "latitude": 36.124,
    "longitude": -115.1189
  },
  {
    "id": "pl70",
    "label": "Las Vegas Aviation Aquarium - 2801 Oak St, Las Vegas, NV 89106, USA",
    "main": "Las Vegas Aviation Aquarium",
    "sub": "2801 Oak St, Las Vegas, NV 89106, USA",
    "category": "attraction",
    "latitude": 36.1739,
    "longitude": -115.1557
  },
  {
    "id": "pl71",
    "label": "Denver Community University - 6810 Madison Ave, Denver, CO 80253, USA",
    "main": "Denver Community University",
    "sub": "6810 Madison Ave, Denver, CO 80253, USA",
    "category": "school",
    "latitude": 39.7045,
    "longitude": -104.9326
  },
  {
    "id": "pl72",
    "label": "Historic Tower - 156 Fifth Ave, Portland, OR 97252, USA",
    "main": "Historic Tower",
    "sub": "156 Fifth Ave, Portland, OR 97252, USA",
    "category": "landmark",
    "latitude": 45.5091,
    "longitude": -122.6379
  },
  {
    "id": "pl73",
    "label": "Houston Science Museum - 9571 Elm St, Houston, TX 77091, USA",
    "main": "Houston Science Museum",
    "sub": "9571 Elm St, Houston, TX 77091, USA",
    "category": "attraction",
    "latitude": 29.8542,
    "longitude": -95.3042
  },
  {
    "id": "pl74",
    "label": "Houston Memorial Hospital - 3987 Main St, Houston, TX 77083, USA",
    "main": "Houston Memorial Hospital",
    "sub": "3987 Main St, Houston, TX 77083, USA",
    "category": "hospital",
    "latitude": 29.7206,
    "longitude": -95.4642
  },
  {
    "id": "pl75",
    "label": "Dallas Science Aquarium - 1078 Madison Ave, Dallas, TX 75241, USA",
    "main": "Dallas Science Aquarium",
    "sub": "1078 Madison Ave, Dallas, TX 75241, USA",
    "category": "attraction",
    "latitude": 32.8231,
    "longitude": -96.7442
  },
  {
    "id": "pl76",
    "label": "Atlanta Medical Medical Center - 5713 Fifth Ave, Atlanta, GA 30376, USA",
    "main": "Atlanta Medical Medical Center",
    "sub": "5713 Fifth Ave, Atlanta, GA 30376, USA",
    "category": "hospital",
    "latitude": 33.6536,
    "longitude": -84.3783
  },
  {
    "id": "pl77",
    "label": "Miami Sports Arena - 8758 Madison Ave, Miami, FL 33194, USA",
    "main": "Miami Sports Arena",
    "sub": "8758 Madison Ave, Miami, FL 33194, USA",
    "category": "venue",
    "latitude": 25.7654,
    "longitude": -80.2502
  },
  {
    "id": "pl78",
    "label": "Mountain Resort - 4309 Second St, San Francisco, CA 94121, USA",
    "main": "Mountain Resort",
    "sub": "4309 Second St, San Francisco, CA 94121, USA",
    "category": "hotel",
    "latitude": 37.7156,
    "longitude": -122.4074
  },
  {
    "id": "pl79",
    "label": "Cafe Restaurant - Chicago, IL 60618, USA",
    "main": "Cafe Restaurant",
    "sub": "Chicago, IL 60618, USA",
    "category": "restaurant",
    "latitude": 41.8451,
    "longitude": -87.6777
  },
  {
    "id": "pl80",
    "label": "Miami Medical Hospital - 8721 Cedar Ave, Miami, FL 33138, USA",
    "main": "Miami Medical Hospital",
    "sub": "8721 Cedar Ave, Miami, FL 33138, USA",
    "category": "hospital",
    "latitude": 25.741,
    "longitude": -80.1155
  },
  {
    "id": "pl81",
    "label": "Houston Science Gallery - 3645 First Ave, Houston, TX 77041, USA",
    "main": "Houston Science Gallery",
    "sub": "3645 First Ave, Houston, TX 77041, USA",
    "category": "museum",
    "latitude": 29.7518,
    "longitude": -95.4105
  },
  {
    "id": "pl82",
    "label": "Riverside Garden - 14 Third Ave, Austin, TX 78713, USA",
    "main": "Riverside Garden",
    "sub": "14 Third Ave, Austin, TX 78713, USA",
    "category": "park",
    "latitude": 30.2443,
    "longitude": -97.7154
  },
  {
    "id": "pl83",
    "label": "Central Hotel - New York, NY 10083, USA",
    "main": "Central Hotel",
    "sub": "New York, NY 10083, USA",
    "category": "hotel",
    "latitude": 40.7661,
    "longitude": -74.0372
  },
  {
    "id": "pl84",
    "label": "The Restaurant - 8372 Broadway, Denver, CO 80274, USA",
    "main": "The Restaurant",
    "sub": "8372 Broadway, Denver, CO 80274, USA",
    "category": "restaurant",
    "latitude": 39.6964,
    "longitude": -105.0449
  },
  {
    "id": "pl85",
    "label": "Miami State University - 9851 Main St, Miami, FL 33138, USA",
    "main": "Miami State University",
    "sub": "9851 Main St, Miami, FL 33138, USA",
    "category": "school",
    "latitude": 25.762,
    "longitude": -80.202
  },
  {
    "id": "pl86",
    "label": "Cafe Restaurant - 4629 Maple Dr, Chicago, IL 60608, USA",
    "main": "Cafe Restaurant",
    "sub": "4629 Maple Dr, Chicago, IL 60608, USA",
    "category": "restaurant",
    "latitude": 41.7873,
    "longitude": -87.7221
  },
  {
    "id": "pl87",
    "label": "San Diego History Gallery - 1080 Washington Blvd, San Diego, CA 92156, USA",
    "main": "San Diego History Gallery",
    "sub": "1080 Washington Blvd, San Diego, CA 92156, USA",
    "category": "museum",
    "latitude": 32.7144,
    "longitude": -117.1234
  },
  {
    "id": "pl88",
    "label": "2 Grand Hotel - 8177 Park Ave, Washington, DC 20042, USA",
    "main": "2 Grand Hotel",
    "sub": "8177 Park Ave, Washington, DC 20042, USA",
    "category": "hotel",
    "latitude": 38.8289,
    "longitude": -77.0271
  },
  {
    "id": "pl89",
    "label": "Royal Grand Hotel - 5087 Oak St, Miami, FL 33139, USA",
    "main": "Royal Grand Hotel",
    "sub": "5087 Oak St, Miami, FL 33139, USA",
    "category": "hotel",
    "latitude": 25.6682,
    "longitude": -80.182
  },
  {
    "id": "pl90",
    "label": "Heritage Monument - 4221 Main St, Portland, OR 97279, USA",
    "main": "Heritage Monument",
    "sub": "4221 Main St, Portland, OR 97279, USA",
    "category": "landmark",
    "latitude": 45.4223,
    "longitude": -122.5872
  },
  {
    "id": "pl91",
    "label": "San Antonio Science Cultural Center - 1269 Maple Dr, San Antonio, TX 78218, USA",
    "main": "San Antonio Science Cultural Center",
    "sub": "1269 Maple Dr, San Antonio, TX 78218, USA",
    "category": "museum",
    "latitude": 29.5186,
    "longitude": -98.5371
  },
  {
    "id": "pl92",
    "label": "Denver Airport (ORD) - Denver, CO 80279, USA",
    "main": "Denver Airport (ORD)",
    "sub": "Denver, CO 80279, USA",
    "category": "airport",
    "latitude": 39.7761,
    "longitude": -105.0231
  },
  {
    "id": "pl93",
    "label": "Grill Grill - 4108 First Ave, Nashville, TN 37253, USA",
    "main": "Grill Grill",
    "sub": "4108 First Ave, Nashville, TN 37253, USA",
    "category": "restaurant",
    "latitude": 36.2258,
    "longitude": -86.8528
  },
  {
    "id": "pl94",
    "label": "Portland City University - 6210 First Ave, Portland, OR 97261, USA",
    "main": "Portland City University",
    "sub": "6210 First Ave, Portland, OR 97261, USA",
    "category": "school",
    "latitude": 45.5886,
    "longitude": -122.7338
  },
  {
    "id": "pl95",
    "label": "Boston Art Gallery - 4000 Lincoln Ave, Boston, MA 02110, USA",
    "main": "Boston Art Gallery",
    "sub": "4000 Lincoln Ave, Boston, MA 02110, USA",
    "category": "museum",
    "latitude": 42.3657,
    "longitude": -70.9733
  },
  {
    "id": "pl96",
    "label": "San Antonio Science Cultural Center - 6718 Fifth Ave, San Antonio, TX 78214, USA",
    "main": "San Antonio Science Cultural Center",
    "sub": "6718 Fifth Ave, San Antonio, TX 78214, USA",
    "category": "museum",
    "latitude": 29.4422,
    "longitude": -98.5173
  },
  {
    "id": "pl97",
    "label": "Las Vegas Airport (SAT) - Las Vegas, NV 89111, USA",
    "main": "Las Vegas Airport (SAT)",
    "sub": "Las Vegas, NV 89111, USA",
    "category": "airport",
    "latitude": 36.2287,
    "longitude": -115.1852
  },
  {
    "id": "pl98",
    "label": "Valley Lodge - Houston, TX 77095, USA",
    "main": "Valley Lodge",
    "sub": "Houston, TX 77095, USA",
    "category": "hotel",
    "latitude": 29.6785,
    "longitude": -95.2752
  },
  {
    "id": "pl99",
    "label": "Washington Community School - 1213 Maple Dr, Washington, DC 20051, USA",
    "main": "Washington Community School",
    "sub": "1213 Maple Dr, Washington, DC 20051, USA",
    "category": "school",
    "latitude": 38.935,
    "longitude": -77.0916
  },
  {
    "id": "pl100",
    "label": "Liberty Recreation Area - 5861 Washington Blvd, Atlanta, GA 30307, USA",
    "main": "Liberty Recreation Area",
    "sub": "5861 Washington Blvd, Atlanta, GA 30307, USA",
    "category": "park",
    "latitude": 33.7642,
    "longitude": -84.3897
  },
  {
    "id": "pl101",
    "label": "Lincoln Garden - 7904 Lincoln Ave, Miami, FL 33200, USA",
    "main": "Lincoln Garden",
    "sub": "7904 Lincoln Ave, Miami, FL 33200, USA",
    "category": "park",
    "latitude": 25.7382,
    "longitude": -80.2622
  },
  {
    "id": "pl102",
    "label": "Atlanta Science Museum - 3090 Elm St, Atlanta, GA 30354, USA",
    "main": "Atlanta Science Museum",
    "sub": "3090 Elm St, Atlanta, GA 30354, USA",
    "category": "museum",
    "latitude": 33.723,
    "longitude": -84.4761
  },
  {
    "id": "pl103",
    "label": "Central Square - 6162 Park Ave, Phoenix, AZ 85038, USA",
    "main": "Central Square",
    "sub": "6162 Park Ave, Phoenix, AZ 85038, USA",
    "category": "landmark",
    "latitude": 33.484,
    "longitude": -112.0112
  },
  {
    "id": "pl104",
    "label": "Valley Lodge - 1845 Broadway, Houston, TX 77078, USA",
    "main": "Valley Lodge",
    "sub": "1845 Broadway, Houston, TX 77078, USA",
    "category": "hotel",
    "latitude": 29.783,
    "longitude": -95.2745
  },
  {
    "id": "pl105",
    "label": "Washington City Academy - 749 Fifth Ave, Washington, DC 20010, USA",
    "main": "Washington City Academy",
    "sub": "749 Fifth Ave, Washington, DC 20010, USA",
    "category": "school",
    "latitude": 38.9783,
    "longitude": -77.026
  },
  {
    "id": "pl106",
    "label": "Central Lodge - 9951 Jefferson St, San Francisco, CA 94150, USA",
    "main": "Central Lodge",
    "sub": "9951 Jefferson St, San Francisco, CA 94150, USA",
    "category": "hotel",
    "latitude": 37.6913,
    "longitude": -122.3431
  },
  {
    "id": "pl107",
    "label": "Los Angeles Airport (PDX) - Los Angeles, CA 90009, USA",
    "main": "Los Angeles Airport (PDX)",
    "sub": "Los Angeles, CA 90009, USA",
    "category": "airport",
    "latitude": 34.0561,
    "longitude": -118.2154
  },
  {
    "id": "pl108",
    "label": "Memorial Bridge - 1933 Madison Ave, Denver, CO 80288, USA",
    "main": "Memorial Bridge",
    "sub": "1933 Madison Ave, Denver, CO 80288, USA",
    "category": "landmark",
    "latitude": 39.8187,
    "longitude": -105.0883
  },
  {
    "id": "pl109",
    "label": "Los Angeles Community University - 3279 Chestnut St, Los Angeles, CA 90006, USA",
    "main": "Los Angeles Community University",
    "sub": "3279 Chestnut St, Los Angeles, CA 90006, USA",
    "category": "school",
    "latitude": 34.1162,
    "longitude": -118.1449
  },
  {
    "id": "pl110",
    "label": "Central Garden - 6705 Fifth Ave, Los Angeles, CA 90060, USA",
    "main": "Central Garden",
    "sub": "6705 Fifth Ave, Los Angeles, CA 90060, USA",
    "category": "park",
    "latitude": 34.0426,
    "longitude": -118.275
  },
  {
    "id": "pl111",
    "label": "San Antonio Science Theme Park - 7119 Maple Dr, San Antonio, TX 78284, USA",
    "main": "San Antonio Science Theme Park",
    "sub": "7119 Maple Dr, San Antonio, TX 78284, USA",
    "category": "attraction",
    "latitude": 29.4495,
    "longitude": -98.5589
  },
  {
    "id": "pl112",
    "label": "Metro Mall - 2167 Jefferson St, Philadelphia, PA 19171, USA",
    "main": "Metro Mall",
    "sub": "2167 Jefferson St, Philadelphia, PA 19171, USA",
    "category": "shopping",
    "latitude": 39.96,
    "longitude": -75.068
  },
  {
    "id": "pl113",
    "label": "Community Recreation Area - 8144 First Ave, Philadelphia, PA 19197, USA",
    "main": "Community Recreation Area",
    "sub": "8144 First Ave, Philadelphia, PA 19197, USA",
    "category": "park",
    "latitude": 39.8761,
    "longitude": -75.2468
  },
  {
    "id": "pl114",
    "label": "Riverside Plaza - 370 Main St, Los Angeles, CA 90007, USA",
    "main": "Riverside Plaza",
    "sub": "370 Main St, Los Angeles, CA 90007, USA",
    "category": "shopping",
    "latitude": 33.9875,
    "longitude": -118.1765
  },
  {
    "id": "pl115",
    "label": "Boston Art Aquarium - 7706 Fifth Ave, Boston, MA 02121, USA",
    "main": "Boston Art Aquarium",
    "sub": "7706 Fifth Ave, Boston, MA 02121, USA",
    "category": "attraction",
    "latitude": 42.3194,
    "longitude": -71.0164
  },
  {
    "id": "pl116",
    "label": "Houston Natural History Museum - 2015 Park Ave, Houston, TX 77078, USA",
    "main": "Houston Natural History Museum",
    "sub": "2015 Park Ave, Houston, TX 77078, USA",
    "category": "attraction",
    "latitude": 29.7026,
    "longitude": -95.4429
  },
  {
    "id": "pl117",
    "label": "Grand Lodge - 5615 Second St, Los Angeles, CA 90094, USA",
    "main": "Grand Lodge",
    "sub": "5615 Second St, Los Angeles, CA 90094, USA",
    "category": "hotel",
    "latitude": 34.0341,
    "longitude": -118.2895
  },
  {
    "id": "pl118",
    "label": "Chicago Airport (PHL) - Chicago, IL 60648, USA",
    "main": "Chicago Airport (PHL)",
    "sub": "Chicago, IL 60648, USA",
    "category": "airport",
    "latitude": 41.8773,
    "longitude": -87.6926
  },
  {
    "id": "pl119",
    "label": "Seattle Airport (PHX) - Seattle, WA 98121, USA",
    "main": "Seattle Airport (PHX)",
    "sub": "Seattle, WA 98121, USA",
    "category": "airport",
    "latitude": 47.5991,
    "longitude": -122.262
  },
  {
    "id": "pl120",
    "label": "San Francisco Civic Arena - 9471 Maple Dr, San Francisco, CA 94162, USA",
    "main": "San Francisco Civic Arena",
    "sub": "9471 Maple Dr, San Francisco, CA 94162, USA",
    "category": "venue",
    "latitude": 37.8279,
    "longitude": -122.4291
  },
  {
    "id": "pl121",
    "label": "The Cafe - 4841 Washington Blvd, Philadelphia, PA 19154, USA",
    "main": "The Cafe",
    "sub": "4841 Washington Blvd, Philadelphia, PA 19154, USA",
    "category": "restaurant",
    "latitude": 39.9513,
    "longitude": -75.1924
  },
  {
    "id": "pl122",
    "label": "National Memorial - 2235 Jefferson St, Los Angeles, CA 90100, USA",
    "main": "National Memorial",
    "sub": "2235 Jefferson St, Los Angeles, CA 90100, USA",
    "category": "landmark",
    "latitude": 34.1221,
    "longitude": -118.2452
  },
  {
    "id": "pl123",
    "label": "Commerce Business Center - 5128 Oak St, Washington, DC 20008, USA",
    "main": "Commerce Business Center",
    "sub": "5128 Oak St, Washington, DC 20008, USA",
    "category": "office",
    "latitude": 38.8232,
    "longitude": -77.1045
  },
  {
    "id": "pl124",
    "label": "Seattle Science Gallery - 9072 Second St, Seattle, WA 98120, USA",
    "main": "Seattle Science Gallery",
    "sub": "9072 Second St, Seattle, WA 98120, USA",
    "category": "museum",
    "latitude": 47.5365,
    "longitude": -122.3026
  },
  {
    "id": "pl125",
    "label": "Central Shopping Center - 4514 Mission St, San Francisco, CA 94200, USA",
    "main": "Central Shopping Center",
    "sub": "4514 Mission St, San Francisco, CA 94200, USA",
    "category": "shopping",
    "latitude": 37.8386,
    "longitude": -122.3832
  },
  {
    "id": "pl126",
    "label": "Golden Gate Recreation Area - 778 Union St, Washington, DC 20060, USA",
    "main": "Golden Gate Recreation Area",
    "sub": "778 Union St, Washington, DC 20060, USA",
    "category": "park",
    "latitude": 38.8792,
    "longitude": -77.1164
  },
  {
    "id": "pl127",
    "label": "Riverside Mall - 6611 First Ave, Los Angeles, CA 90020, USA",
    "main": "Riverside Mall",
    "sub": "6611 First Ave, Los Angeles, CA 90020, USA",
    "category": "shopping",
    "latitude": 33.9819,
    "longitude": -118.3374
  },
  {
    "id": "pl128",
    "label": "Boston Technical College - 77 Washington Blvd, Boston, MA 02114, USA",
    "main": "Boston Technical College",
    "sub": "77 Washington Blvd, Boston, MA 02114, USA",
    "category": "school",
    "latitude": 42.2669,
    "longitude": -71.0243
  },
  {
    "id": "pl129",
    "label": "Houston Community College - 8240 Oak St, Houston, TX 77045, USA",
    "main": "Houston Community College",
    "sub": "8240 Oak St, Houston, TX 77045, USA",
    "category": "school",
    "latitude": 29.6924,
    "longitude": -95.3837
  },
  {
    "id": "pl130",
    "label": "Phoenix Memorial Hospital - 5992 Washington Blvd, Phoenix, AZ 85065, USA",
    "main": "Phoenix Memorial Hospital",
    "sub": "5992 Washington Blvd, Phoenix, AZ 85065, USA",
    "category": "hospital",
    "latitude": 33.376,
    "longitude": -112.1641
  },
  {
    "id": "pl131",
    "label": "Portland Performing Arts Convention Center - 4148 Oak St, Portland, OR 97264, USA",
    "main": "Portland Performing Arts Convention Center",
    "sub": "4148 Oak St, Portland, OR 97264, USA",
    "category": "venue",
    "latitude": 45.536,
    "longitude": -122.7304
  },
  {
    "id": "pl132",
    "label": "The Restaurant - 6469 Chestnut St, Boston, MA 02108, USA",
    "main": "The Restaurant",
    "sub": "6469 Chestnut St, Boston, MA 02108, USA",
    "category": "restaurant",
    "latitude": 42.3598,
    "longitude": -71.0285
  },
  {
    "id": "pl133",
    "label": "Central Park - 8066 Jefferson St, Boston, MA 02175, USA",
    "main": "Central Park",
    "sub": "8066 Jefferson St, Boston, MA 02175, USA",
    "category": "park",
    "latitude": 42.349,
    "longitude": -71.0847
  },
  {
    "id": "pl134",
    "label": "Miami Aviation Theme Park - 2603 Mission St, Miami, FL 33101, USA",
    "main": "Miami Aviation Theme Park",
    "sub": "2603 Mission St, Miami, FL 33101, USA",
    "category": "attraction",
    "latitude": 25.6655,
    "longitude": -80.2461
  },
  {
    "id": "pl135",
    "label": "Los Angeles Performing Arts Convention Center - 3933 Second St, Los Angeles, CA 90078, USA",
    "main": "Los Angeles Performing Arts Convention Center",
    "sub": "3933 Second St, Los Angeles, CA 90078, USA",
    "category": "venue",
    "latitude": 34.1159,
    "longitude": -118.2099
  },
  {
    "id": "pl136",
    "label": "Imperial Resort - 5385 First Ave, San Diego, CA 92152, USA",
    "main": "Imperial Resort",
    "sub": "5385 First Ave, San Diego, CA 92152, USA",
    "category": "hotel",
    "latitude": 32.6579,
    "longitude": -117.2145
  },
  {
    "id": "pl137",
    "label": "Los Angeles Technical College - 7784 Union St, Los Angeles, CA 90068, USA",
    "main": "Los Angeles Technical College",
    "sub": "7784 Union St, Los Angeles, CA 90068, USA",
    "category": "school",
    "latitude": 34.074,
    "longitude": -118.1911
  },
  {
    "id": "pl138",
    "label": "Victory Tower - 1318 Chestnut St, San Diego, CA 92180, USA",
    "main": "Victory Tower",
    "sub": "1318 Chestnut St, San Diego, CA 92180, USA",
    "category": "landmark",
    "latitude": 32.8049,
    "longitude": -117.0879
  },
  {
    "id": "pl139",
    "label": "Phoenix Airport (IAH) - Phoenix, AZ 85023, USA",
    "main": "Phoenix Airport (IAH)",
    "sub": "Phoenix, AZ 85023, USA",
    "category": "airport",
    "latitude": 33.3886,
    "longitude": -111.9869
  },
  {
    "id": "pl140",
    "label": "Kitchen Restaurant - 9419 Elm St, Dallas, TX 75211, USA",
    "main": "Kitchen Restaurant",
    "sub": "9419 Elm St, Dallas, TX 75211, USA",
    "category": "restaurant",
    "latitude": 32.6958,
    "longitude": -96.8166
  },
  {
    "id": "pl141",
    "label": "Phoenix Convention Arena - 2168 Second St, Phoenix, AZ 85030, USA",
    "main": "Phoenix Convention Arena",
    "sub": "2168 Second St, Phoenix, AZ 85030, USA",
    "category": "venue",
    "latitude": 33.5392,
    "longitude": -112.0773
  },
  {
    "id": "pl142",
    "label": "Los Angeles Airport (SAN) - Los Angeles, CA 90044, USA",
    "main": "Los Angeles Airport (SAN)",
    "sub": "Los Angeles, CA 90044, USA",
    "category": "airport",
    "latitude": 34.0209,
    "longitude": -118.1744
  },
  {
    "id": "pl143",
    "label": "Grill Cafe - 1731 Market St, Austin, TX 78705, USA",
    "main": "Grill Cafe",
    "sub": "1731 Market St, Austin, TX 78705, USA",
    "category": "restaurant",
    "latitude": 30.3353,
    "longitude": -97.7482
  },
  {
    "id": "pl144",
    "label": "Bistro Restaurant - 8401 Second St, San Diego, CA 92155, USA",
    "main": "Bistro Restaurant",
    "sub": "8401 Second St, San Diego, CA 92155, USA",
    "category": "restaurant",
    "latitude": 32.6425,
    "longitude": -117.1889
  },
  {
    "id": "pl145",
    "label": "Lincoln Park - 3435 Chestnut St, New York, NY 10049, USA",
    "main": "Lincoln Park",
    "sub": "3435 Chestnut St, New York, NY 10049, USA",
    "category": "park",
    "latitude": 40.7798,
    "longitude": -73.9268
  },
  {
    "id": "pl146",
    "label": "Metro Market - 1460 Oak St, Nashville, TN 37216, USA",
    "main": "Metro Market",
    "sub": "1460 Oak St, Nashville, TN 37216, USA",
    "category": "shopping",
    "latitude": 36.2288,
    "longitude": -86.8539
  },
  {
    "id": "pl147",
    "label": "Austin Contemporary Museum - 6835 Chestnut St, Austin, TX 78756, USA",
    "main": "Austin Contemporary Museum",
    "sub": "6835 Chestnut St, Austin, TX 78756, USA",
    "category": "museum",
    "latitude": 30.3309,
    "longitude": -97.688
  },
  {
    "id": "pl148",
    "label": "Community Nature Reserve - 6392 Broadway, Boston, MA 02112, USA",
    "main": "Community Nature Reserve",
    "sub": "6392 Broadway, Boston, MA 02112, USA",
    "category": "park",
    "latitude": 42.2658,
    "longitude": -70.9903
  },
  {
    "id": "pl149",
    "label": "Miami Art Theme Park - 3019 Main St, Miami, FL 33154, USA",
    "main": "Miami Art Theme Park",
    "sub": "3019 Main St, Miami, FL 33154, USA",
    "category": "attraction",
    "latitude": 25.7357,
    "longitude": -80.2789
  },
  {
    "id": "pl150",
    "label": "Portland Regional Medical Center - Portland, OR 97240, USA",
    "main": "Portland Regional Medical Center",
    "sub": "Portland, OR 97240, USA",
    "category": "hospital",
    "latitude": 45.4483,
    "longitude": -122.7629
  },
  {
    "id": "pl151",
    "label": "Metro Lodge - 227 Mission St, Houston, TX 77045, USA",
    "main": "Metro Lodge",
    "sub": "227 Mission St, Houston, TX 77045, USA",
    "category": "hotel",
    "latitude": 29.698,
    "longitude": -95.3814
  },
  {
    "id": "pl152",
    "label": "Miami Technology Theme Park - Miami, FL 33144, USA",
    "main": "Miami Technology Theme Park",
    "sub": "Miami, FL 33144, USA",
    "category": "attraction",
    "latitude": 25.7905,
    "longitude": -80.2497
  },
  {
    "id": "pl153",
    "label": "San Antonio Liberal Arts University - 2964 Broadway, San Antonio, TX 78250, USA",
    "main": "San Antonio Liberal Arts University",
    "sub": "2964 Broadway, San Antonio, TX 78250, USA",
    "category": "school",
    "latitude": 29.3556,
    "longitude": -98.4126
  },
  {
    "id": "pl154",
    "label": "Community Nature Reserve - 1282 Market St, Miami, FL 33150, USA",
    "main": "Community Nature Reserve",
    "sub": "1282 Market St, Miami, FL 33150, USA",
    "category": "park",
    "latitude": 25.831,
    "longitude": -80.2398
  },
  {
    "id": "pl155",
    "label": "Nashville Airport (SFO) - Nashville, TN 37281, USA",
    "main": "Nashville Airport (SFO)",
    "sub": "Nashville, TN 37281, USA",
    "category": "airport",
    "latitude": 36.2064,
    "longitude": -86.7237
  },
  {
    "id": "pl156",
    "label": "The Restaurant - 213 Oak St, Austin, TX 78768, USA",
    "main": "The Restaurant",
    "sub": "213 Oak St, Austin, TX 78768, USA",
    "category": "restaurant",
    "latitude": 30.3577,
    "longitude": -97.7811
  },
  {
    "id": "pl157",
    "label": "Golden Gate Garden - 80 Pine St, Las Vegas, NV 89143, USA",
    "main": "Golden Gate Garden",
    "sub": "80 Pine St, Las Vegas, NV 89143, USA",
    "category": "park",
    "latitude": 36.1442,
    "longitude": -115.1106
  },
  {
    "id": "pl158",
    "label": "Boston Science Observatory - 9176 Madison Ave, Boston, MA 02119, USA",
    "main": "Boston Science Observatory",
    "sub": "9176 Madison Ave, Boston, MA 02119, USA",
    "category": "attraction",
    "latitude": 42.4446,
    "longitude": -70.978
  },
  {
    "id": "pl159",
    "label": "Boston Sports Convention Center - 1291 Second St, Boston, MA 02178, USA",
    "main": "Boston Sports Convention Center",
    "sub": "1291 Second St, Boston, MA 02178, USA",
    "category": "venue",
    "latitude": 42.4115,
    "longitude": -71.1582
  },
  {
    "id": "pl160",
    "label": "Central Lodge - Austin, TX 78718, USA",
    "main": "Central Lodge",
    "sub": "Austin, TX 78718, USA",
    "category": "hotel",
    "latitude": 30.2372,
    "longitude": -97.8339
  },
  {
    "id": "pl161",
    "label": "Chicago Science Museum - 8951 Jefferson St, Chicago, IL 60620, USA",
    "main": "Chicago Science Museum",
    "sub": "8951 Jefferson St, Chicago, IL 60620, USA",
    "category": "attraction",
    "latitude": 41.8153,
    "longitude": -87.6761
  },
  {
    "id": "pl162",
    "label": "Phoenix City College - 4583 Chestnut St, Phoenix, AZ 85090, USA",
    "main": "Phoenix City College",
    "sub": "4583 Chestnut St, Phoenix, AZ 85090, USA",
    "category": "school",
    "latitude": 33.3567,
    "longitude": -112.1304
  },
  {
    "id": "pl163",
    "label": "Park Resort - 4675 Second St, Washington, DC 20076, USA",
    "main": "Park Resort",
    "sub": "4675 Second St, Washington, DC 20076, USA",
    "category": "hotel",
    "latitude": 38.969,
    "longitude": -77.0264
  },
  {
    "id": "pl164",
    "label": "Heritage Square - 7824 Chestnut St, Atlanta, GA 30313, USA",
    "main": "Heritage Square",
    "sub": "7824 Chestnut St, Atlanta, GA 30313, USA",
    "category": "landmark",
    "latitude": 33.7544,
    "longitude": -84.4333
  },
  {
    "id": "pl165",
    "label": "San Antonio Maritime Theme Park - 2783 First Ave, San Antonio, TX 78210, USA",
    "main": "San Antonio Maritime Theme Park",
    "sub": "2783 First Ave, San Antonio, TX 78210, USA",
    "category": "attraction",
    "latitude": 29.4768,
    "longitude": -98.5898
  },
  {
    "id": "pl166",
    "label": "Metro Market - Seattle, WA 98118, USA",
    "main": "Metro Market",
    "sub": "Seattle, WA 98118, USA",
    "category": "shopping",
    "latitude": 47.6748,
    "longitude": -122.3185
  },
  {
    "id": "pl167",
    "label": "Philadelphia Performing Arts Stadium - 5374 Washington Blvd, Philadelphia, PA 19117, USA",
    "main": "Philadelphia Performing Arts Stadium",
    "sub": "5374 Washington Blvd, Philadelphia, PA 19117, USA",
    "category": "venue",
    "latitude": 39.9986,
    "longitude": -75.2351
  },
  {
    "id": "pl168",
    "label": "Central Lodge - 9289 Jefferson St, Las Vegas, NV 89147, USA",
    "main": "Central Lodge",
    "sub": "9289 Jefferson St, Las Vegas, NV 89147, USA",
    "category": "hotel",
    "latitude": 36.1726,
    "longitude": -115.1853
  },
  {
    "id": "pl169",
    "label": "The Grill - 4805 Cedar Ave, Los Angeles, CA 90056, USA",
    "main": "The Grill",
    "sub": "4805 Cedar Ave, Los Angeles, CA 90056, USA",
    "category": "restaurant",
    "latitude": 34.129,
    "longitude": -118.2394
  },
  {
    "id": "pl170",
    "label": "Nashville Regional Medical Center - 9213 Chestnut St, Nashville, TN 37234, USA",
    "main": "Nashville Regional Medical Center",
    "sub": "9213 Chestnut St, Nashville, TN 37234, USA",
    "category": "hospital",
    "latitude": 36.1128,
    "longitude": -86.8275
  },
  {
    "id": "pl171",
    "label": "Portland State School - 3660 Main St, Portland, OR 97285, USA",
    "main": "Portland State School",
    "sub": "3660 Main St, Portland, OR 97285, USA",
    "category": "school",
    "latitude": 45.5,
    "longitude": -122.5948
  },
  {
    "id": "pl172",
    "label": "Portland Maritime Zoo - 674 Second St, Portland, OR 97245, USA",
    "main": "Portland Maritime Zoo",
    "sub": "674 Second St, Portland, OR 97245, USA",
    "category": "attraction",
    "latitude": 45.5167,
    "longitude": -122.6903
  },
  {
    "id": "pl173",
    "label": "Liberty Square - 2513 Pine St, Los Angeles, CA 90045, USA",
    "main": "Liberty Square",
    "sub": "2513 Pine St, Los Angeles, CA 90045, USA",
    "category": "landmark",
    "latitude": 33.9975,
    "longitude": -118.1779
  },
  {
    "id": "pl174",
    "label": "City Boutique District - 9928 Park Ave, Houston, TX 77080, USA",
    "main": "City Boutique District",
    "sub": "9928 Park Ave, Houston, TX 77080, USA",
    "category": "shopping",
    "latitude": 29.7346,
    "longitude": -95.4524
  },
  {
    "id": "pl175",
    "label": "Cafe Bistro - 5480 Main St, San Francisco, CA 94136, USA",
    "main": "Cafe Bistro",
    "sub": "5480 Main St, San Francisco, CA 94136, USA",
    "category": "restaurant",
    "latitude": 37.8734,
    "longitude": -122.3708
  },
  {
    "id": "pl176",
    "label": "City Mall - 8019 Madison Ave, Phoenix, AZ 85001, USA",
    "main": "City Mall",
    "sub": "8019 Madison Ave, Phoenix, AZ 85001, USA",
    "category": "shopping",
    "latitude": 33.3911,
    "longitude": -112.047
  },
  {
    "id": "pl177",
    "label": "Financial Corporate Plaza - 3167 Main St, Nashville, TN 37252, USA",
    "main": "Financial Corporate Plaza",
    "sub": "3167 Main St, Nashville, TN 37252, USA",
    "category": "office",
    "latitude": 36.2472,
    "longitude": -86.7147
  },
  {
    "id": "pl178",
    "label": "Heritage Garden - 7988 Jefferson St, Atlanta, GA 30374, USA",
    "main": "Heritage Garden",
    "sub": "7988 Jefferson St, Atlanta, GA 30374, USA",
    "category": "park",
    "latitude": 33.7284,
    "longitude": -84.3579
  },
  {
    "id": "pl179",
    "label": "Portland Community Academy - 2746 First Ave, Portland, OR 97277, USA",
    "main": "Portland Community Academy",
    "sub": "2746 First Ave, Portland, OR 97277, USA",
    "category": "school",
    "latitude": 45.4405,
    "longitude": -122.643
  },
  {
    "id": "pl180",
    "label": "Ocean Inn - Denver, CO 80246, USA",
    "main": "Ocean Inn",
    "sub": "Denver, CO 80246, USA",
    "category": "hotel",
    "latitude": 39.8387,
    "longitude": -104.9248
  },
  {
    "id": "pl181",
    "label": "Heritage Monument - 8901 Second St, Houston, TX 77053, USA",
    "main": "Heritage Monument",
    "sub": "8901 Second St, Houston, TX 77053, USA",
    "category": "landmark",
    "latitude": 29.8306,
    "longitude": -95.4077
  },
  {
    "id": "pl182",
    "label": "New York Liberal Arts College - 5288 Madison Ave, New York, NY 10049, USA",
    "main": "New York Liberal Arts College",
    "sub": "5288 Madison Ave, New York, NY 10049, USA",
    "category": "school",
    "latitude": 40.6444,
    "longitude": -73.9922
  },
  {
    "id": "pl183",
    "label": "Liberty Plaza - 7881 Third Ave, San Antonio, TX 78297, USA",
    "main": "Liberty Plaza",
    "sub": "7881 Third Ave, San Antonio, TX 78297, USA",
    "category": "landmark",
    "latitude": 29.5216,
    "longitude": -98.5319
  },
  {
    "id": "pl184",
    "label": "Liberty Square - 6890 Main St, San Francisco, CA 94115, USA",
    "main": "Liberty Square",
    "sub": "6890 Main St, San Francisco, CA 94115, USA",
    "category": "landmark",
    "latitude": 37.706,
    "longitude": -122.479
  },
  {
    "id": "pl185",
    "label": "San Diego Art Cultural Center - San Diego, CA 92190, USA",
    "main": "San Diego Art Cultural Center",
    "sub": "San Diego, CA 92190, USA",
    "category": "museum",
    "latitude": 32.7026,
    "longitude": -117.1364
  },
  {
    "id": "pl186",
    "label": "Bistro Cafe - 5309 Fifth Ave, Boston, MA 02146, USA",
    "main": "Bistro Cafe",
    "sub": "5309 Fifth Ave, Boston, MA 02146, USA",
    "category": "restaurant",
    "latitude": 42.2617,
    "longitude": -71.0675
  },
  {
    "id": "pl187",
    "label": "Financial Business Center - 2155 Elm St, San Diego, CA 92121, USA",
    "main": "Financial Business Center",
    "sub": "2155 Elm St, San Diego, CA 92121, USA",
    "category": "office",
    "latitude": 32.6688,
    "longitude": -117.2451
  },
  {
    "id": "pl188",
    "label": "Atlanta Contemporary Museum - 3860 Third Ave, Atlanta, GA 30361, USA",
    "main": "Atlanta Contemporary Museum",
    "sub": "3860 Third Ave, Atlanta, GA 30361, USA",
    "category": "museum",
    "latitude": 33.7705,
    "longitude": -84.4146
  },
  {
    "id": "pl189",
    "label": "Nashville Liberal Arts School - 5618 Main St, Nashville, TN 37256, USA",
    "main": "Nashville Liberal Arts School",
    "sub": "5618 Main St, Nashville, TN 37256, USA",
    "category": "school",
    "latitude": 36.0703,
    "longitude": -86.6879
  },
  {
    "id": "pl190",
    "label": "Grand Boutique District - 2331 Second St, Miami, FL 33181, USA",
    "main": "Grand Boutique District",
    "sub": "2331 Second St, Miami, FL 33181, USA",
    "category": "shopping",
    "latitude": 25.7632,
    "longitude": -80.1534
  },
  {
    "id": "pl191",
    "label": "San Francisco Community University - 3081 Mission St, San Francisco, CA 94136, USA",
    "main": "San Francisco Community University",
    "sub": "3081 Mission St, San Francisco, CA 94136, USA",
    "category": "school",
    "latitude": 37.8188,
    "longitude": -122.4211
  },
  {
    "id": "pl192",
    "label": "Philadelphia History Cultural Center - 8586 Lincoln Ave, Philadelphia, PA 19113, USA",
    "main": "Philadelphia History Cultural Center",
    "sub": "8586 Lincoln Ave, Philadelphia, PA 19113, USA",
    "category": "museum",
    "latitude": 40.0273,
    "longitude": -75.2155
  },
  {
    "id": "pl193",
    "label": "Nashville Regional Health Center - 3546 Market St, Nashville, TN 37244, USA",
    "main": "Nashville Regional Health Center",
    "sub": "3546 Market St, Nashville, TN 37244, USA",
    "category": "hospital",
    "latitude": 36.1952,
    "longitude": -86.8281
  },
  {
    "id": "pl194",
    "label": "Diner Bistro - 5203 Second St, San Francisco, CA 94150, USA",
    "main": "Diner Bistro",
    "sub": "5203 Second St, San Francisco, CA 94150, USA",
    "category": "restaurant",
    "latitude": 37.8401,
    "longitude": -122.3561
  },
  {
    "id": "pl195",
    "label": "Seattle Airport (SEA) - Seattle, WA 98101, USA",
    "main": "Seattle Airport (SEA)",
    "sub": "Seattle, WA 98101, USA",
    "category": "airport",
    "latitude": 47.5266,
    "longitude": -122.2924
  },
  {
    "id": "pl196",
    "label": "Portland Community Health Center - 8404 Market St, Portland, OR 97232, USA",
    "main": "Portland Community Health Center",
    "sub": "8404 Market St, Portland, OR 97232, USA",
    "category": "hospital",
    "latitude": 45.4679,
    "longitude": -122.609
  },
  {
    "id": "pl197",
    "label": "Tavern Restaurant - Washington, DC 20067, USA",
    "main": "Tavern Restaurant",
    "sub": "Washington, DC 20067, USA",
    "category": "restaurant",
    "latitude": 38.9433,
    "longitude": -76.9649
  },
  {
    "id": "pl198",
    "label": "Lincoln Garden - 623 Park Ave, Dallas, TX 75265, USA",
    "main": "Lincoln Garden",
    "sub": "623 Park Ave, Dallas, TX 75265, USA",
    "category": "park",
    "latitude": 32.7351,
    "longitude": -96.7538
  },
  {
    "id": "pl199",
    "label": "San Francisco Children Observatory - 4330 Cedar Ave, San Francisco, CA 94124, USA",
    "main": "San Francisco Children Observatory",
    "sub": "4330 Cedar Ave, San Francisco, CA 94124, USA",
    "category": "attraction",
    "latitude": 37.7865,
    "longitude": -122.4997
  },
  {
    "id": "pl200",
    "label": "Financial Business Center - 7527 Mission St, Atlanta, GA 30320, USA",
    "main": "Financial Business Center",
    "sub": "7527 Mission St, Atlanta, GA 30320, USA",
    "category": "office",
    "latitude": 33.7478,
    "longitude": -84.3076
  }
]